app,count
Twitter for Android,7849
Twitter for iPhone,5594
Twitter Web Client,3811
Twitter Web App,703
Twitter for iPad,338
Social Media Corresponsables,127
Twitter Ads Composer,21
Twitter Media Studio,15
Social Management RT,11
TweetCaster for Android,7
Flamingo for Android,5
Twitter Media Dashboard,5
Tweetbot for Mac,3
medio ambiente applis,2
Twitter for BlackBerry,1
UberSocial for iPhone,1
TwitPane for Android,1
Content Calendar App,1
Twitterrific for Mac,1
AMLO bot political,1
