mencion,count
OVTT,1
Sustain82109672,1
sustrategies,2
pepesimonm,1
EquoVerdes_And,1
linaarbelaez,1
aambros,2
jfernandez_10,2
almazormjesus,1
JuanPdelvalle,1
Gerardovel,1
ONUMujeres,248
itaipuparaguay,4
Ericsson_es,2
CJCyL,1
BrookingsInst,2
crespial,7
SPRU,5
PremioSacha,18
RREI_inclusiva,1
NoblezaObliga_,1
ClaudioSalinas,1
A_ZAPATA_A,1
ndequeiros,6
EducaAnd,1
GovernObertVLC,2
ONGVitalis,13
cifelarioja,2
MariaGMonagas,1
GGGInitiative,3
enprodu,1
aliciaselles,4
Almagro_OEA2015,298
MarioRodasA,2
emma_chm,5
PRENSAOSSE,10
STOPMutilacion,2
gustavojaraes,1
RED2REDCons,1
EMULSAGijon,2
agorarsc,25
miguelcarrenof,2
FondoAccion,1
asanchezdiez,1
rvillamizarm,1
Teleantioquia,1
africaredes,3
UNV_ROLAC,5
ongAIDA,2
AeasAgua,1
Augustadrh,7
Camelhub_SAS,1
fundacionexit,2
Debate_Joven,20
ucomur,20
Fundacion_ONCE,12
mutualiamutua,9
PactoGlobalPERU,3
GobChoco,5
ChileOECD,1
NadiaMuradBasee,11
mauriciomacri,4
SocEnterpriseES,32
Admon_GobOax,1
albert_fabregat,1
Cotec_Innova,5
MalenaRiudavets,1
Blanca_IHP,1
WWFnoticias,1
alvaromatias_,2
Red_Apis,1
UNAM_PINCC,1
FBiodiversidad,22
armentaconmigo,7
AgustinMillanG,3
fandi_es,1
SiSePuedeVLL,3
PNUD_ALGenera,3
CEADS_AR,17
Wikipedia,1
GrupoBME,13
abrh4,5
ACCIONA,12
martutis6,3
TarunKhannaHBS,2
delfinagomeza,1
unfpa_lac,7
ObservaRSE_,35
Fiza_Farhan,4
Rurapolis,1
Value4Chain,1
JoaquinLopezP,3
BenalmadenaAyto,5
Yazcardenas15,10
abc_es,2
J_Samos,1
lideratge_50a50,28
educantabria,1
TurismoCDT,1
AzucareraES,1
mpfc73,2
Concertacion_pa,9
RI_News_Alert,2
Ciencia_UNAM,1
sevillajordi,1
FourSeasons,1
tbd_community,3
deusto,27
josejaramillovi,4
aisavoces,2
sAtt_arq,1
Yola_MartinezL,4
GuignardPH,94
JuanJodar4,5
almudenaf,2
madrid_osa,3
jpalopcasado,3
ScoutMessengers,1
IMIB_Arrixaca,7
SandraForeroR1,1
Ecooo_,1
arquitectosCOAG,3
FundacionBeQual,22
JuanManSantos,1
amycosONGD,3
juanmadiaz,1
quitohonesto,5
neidyclavijo,1
2016Cep,8
marbrandd,1
meconomia,1
Perisandru,1
ELX2030,5
Red_Carolina,3
ElCoffeeMan,2
emapagye,1
CsValladolid,3
esteban_gong,1
estefan12692474,1
dbustabad,1
ginariano,19
EVALUAJalisco,7
carlosmcabo,1
BibliotecasSNBP,2
AclimaEuskadi,8
M_LuzOrtega,1
ST_Talcaoficial,4
manuel_rdgn,1
poderciudadano,1
TUACGuidelines,1
EleComoPuente,6
UnLtdSpain,1
JaimeSilos,2
InfoDiplomacia,1
GVAhabitatge,1
DANE_Colombia,13
ONU_derechos,36
PPValladolid,3
MPDLCan,1
IsraelLpezMarn1,5
rnpy951fm,1
ana_antolin,21
mapagob,8
cantabriaes,5
UNIDO,7
fundaciondrmm,1
jalmagro,4
IesctUnq,3
history_topics,3
unicef_eus,10
StefaniaMarcone,1
alvizlo,1
SmartCity_Net,4
AaltoCons,2
sanidadgob,3
Tosgriju,22
JuanMa_Moreno,1
eldiarioAnd,1
ferrovial,7
EMPODERA_org,14
TeckChile,1
aytolalaguna_es,1
gob_na,6
FundacionSES,1
Dircomcat,8
cotyreginato,1
SUEZAmCentral,5
Alberto_Guijarr,10
LFpuertomorelos,2
GobiernoMX,20
m_chilibroste,1
aguadequito,6
guchachi,16
ABC760AM,24
NGNoticiasmx,1
TransMilenio,4
320CyM,9
Cevi_GobOax,1
congresoib,53
AligiMolina,1
DiputadaCidV,1
elespectador,2
GuyRyder,5
amedina2011,14
ivallejo14x8000,1
cesardiazguevar,1
CafesNovell,1
el_telegrafo,1
jorgesolana,4
diba,2
AshokaSpain,1
ElisaGuerraCruz,1
ONGCanales,1
GiuliaMassobrio,18
OITnoticias,7
Deloitte_ES,2
elpais_economia,7
salyroca,5
comfandi,1
cclocales,1
sanofi,7
exoargentina,1
e_lopez_moreno,3
ManuelAlvaradoI,1
CentroCEMEXTEC,1
euskaltel,15
IcexPeru,2
fesabid,14
tranviademurcia,3
ceglaplata,2
HuescaExcelente,4
CorpIGDE,2
navarrowolff,70
_carozm,7
cbravosantos,9
caterinayvonaSV,4
Arcangel_Flamen,5
socib_icts,4
lpa_org,2
japortalmiranda,2
SSanchezPanama,2
KnoMorales,1
RevistaRetosUps,1
IDEAMColombia,2
Amundi_ENG,1
UNFPAInnovation,1
STP_Paraguay,1
juanjoamate,1
ftsaez,4
univallemomboy,1
MexicoSocial_,5
iurkullu,2
rchavarri,6
CooperacionESP,13
BrenesXXI,1
Fruteriatogni,1
FulgencioJS,3
TribunaVa,1
YpsilomRSE,17
TonyGLoyal,1
luis_ods,1
albatistag,9
gobiernosonora,2
ccdelaciencia,4
PITCNT1,2
bibliodonihue,3
jeffersonperezq,3
CICBata,3
javierre_es,5
urjc,4
CEComercioJusto,3
FMBBVA,9
ecolanamx,1
RetoTech,1
ONUMX,289
poetopiaORG,8
CruzRojaPinto,3
mastercoopera,8
mluciaramirez,17
luisyepesb,4
JhardiAurora,5
FASaragon,1
oikit,7
msolcito73,11
marcoavila53,2
BiblioMostoles,1
PeriodismoUCLM,6
mariagemaquint1,12
lucianamermet,1
iambiente,4
rcs_chile,4
RSCruzRojaMad,2
joseanhel,4
stefanliller,5
magelsalvador,1
NUEVOFUTURO,5
GVacchini,2
luisbouzagarcia,6
LecheCeteco,2
Plan2040,6
hubprovidencia,8
RIOD_oficial,6
juansrobledo,10
Omar_Sabat,1
ManuelBartlett,1
jesusdelaosa,21
SDEibar,1
menarini_es,4
Asdent_es,4
UNESCOMexico,15
b20,11
gbragatwit,1
foretica,77
arelibiciteka,3
espaciogeranios,1
RedCarolinaCol,1
RiveraVivanco_,9
EmbajadaEspPeru,3
Compromiso_Empr,5
AguasdeLeon,1
planificable,4
EarthCheck_,8
dfcspain,18
SaludCriticaMX,1
SemillasORG,1
ANDI_Colombia,1
EnactusMexico,1
SustainableAlli,4
Ethic_,54
fernandaadiazH,10
mariadefo,3
SEIASA_OFICIAL,1
GobAragon,14
MYWorld2030,2
UninorteCO,1
camaracadiz,1
LuzRosilloM,7
ifydaconsultor,1
ONUHabitatMex,12
tomebamba,6
MSP_UMHUA,1
CEAes_,7
_minecogob,33
Ashoka,2
UJIuniversitat,1
arubiosa,1
fundtrafic,9
carmencampos_,1
Henkel,4
AmbienteNacion,39
kasmexiko,4
sostenibleXXI,7
LauraElenaCC,1
CipactlyChef,1
ErikaCembranos,2
tanuniversal,18
CruzRojaBurgos,2
JaimeTatay,17
PacoLuisGRX,1
EditaOla,1
conductosalonso,4
ASteiner,30
elecodiario,5
uicn_conserva,1
CamaraCIP,1
Belen_Viloria,37
CongresosZgz,1
miteleferico,1
JavierSevillano,1
kcedano,1
clrvillanueva22,1
FAOIndigenous,3
Suni_Sanchez,10
padlet,1
9debates,6
malaga,7
ENAIRE,14
IFC_LAC,1
equaltimes,4
geologicasUCM,1
Ecoavantis,4
CAN_LA_,1
REDAC_DDHH,1
Latinosan2019cr,7
rebiun,5
EFEverde,25
CharoChavez1,3
redam_ecuador,5
Veritasmartino,2
fjgarayoaa,1
elcomerciocom,5
mcaduji,11
AEF_fundaciones,10
EscuelaOnlineEC,6
AragonAbierto,3
radiolacalle,1
carmencalvo_,62
AESElSalvador,2
colombia_lider,1
FuturEnviro,3
amigaettsocial,16
rmiguelanez,5
bonuccimario,1
ULA_Venezuela,1
iberdrola,81
Funddateces,19
NavantiaOficial,1
EcoledColombia,2
AccionODS,17
acg024,6
Ambiente_Ec,57
xlavall2107,3
econocimientoam,3
Raiza94W,11
RedAySSNavarra,1
Seprascc,6
Menrodriguez,1
SEO_BirdLife,2
sanjose_turismo,8
alianzasmartlat,1
REDFEMP_TyP,8
jdeprado,1
ecoosfera,1
CRECantabria,4
economiadelagua,3
SumaInnova,15
franalverja,1
sectorceca,2
ConsuladoEspMel,2
MiliunIdeas,3
iebschool,1
DircomSpain,3
JuanCiudadONGD,1
Redsoc_Ven,1
uniovi,5
UGT_Comunica,17
Cronistacom,1
AhoraArganda,10
UniJaveriana,6
cambiosocialfun,2
EFEempresas,2
Alejo_AlvarezV,4
ivanpilco,9
PrimeraDamaPma,7
ESADEisocial,1
MEPyDRD,18
GanarGanar,1
ASCUN1,2
MinHaciendard,7
kaleidosred,4
JuventudRD,29
ONUArgentina,10
ciudadesODS,1
platafloporsin,11
SerraniaV,3
IESCerro_Viento,1
GlobalTaskforce,2
TalentumYouth,3
CGAR_GobOax,2
PabloterrazasL,1
JoseHeberDeLeon,1
richarzurita,25
somos_dLana,3
nuriaoliver,1
RodneyIrwin,1
Nonyherzfeld,2
LolaSanjuanCKL,4
RedAlimentos,1
SPB_Spain,2
xlopezgarcia,4
ayudaenaccion,29
CAROMONTOYAM,1
RocioRuizCs,1
Joseamartin1963,11
Vmartinz71,1
mariafergarciai,3
ILOACTRAV,5
TFMedioAmbiente,1
edit_agricola,1
jovenmania,7
SEGIBdigital,38
CRSJuventud,8
OdsPractica,1
JorgeGdeOpazo,2
DIGEPRESRD,2
ferdicutu,3
almanatura,1
forogreencities,44
divpasmad,1
OMEC_Oaxaca,12
cartiga_global,6
CESAC_RD,1
Nuriaagullo,6
CEDREAC,1
pactoglobalARG,8
laura_portiz,3
Xunta,3
Telemedellin,1
UN_SDG,3
gblumel,1
infoaquara,5
bcn_ajuntament,1
JoseMoncadaD,2
IngProvidencia,1
reduca_al,28
greeneventsbcn,6
dmontanes,1
fund_adecco,11
benjazelayaAC,41
CEscogelavida,7
MSCenEspana,2
caritasdeleon,1
cfranganillo,1
usa_tu_poder,35
Colciencias,1
sofiiortiz17,81
theCitibeats,1
NOAA,2
blancanamero,1
anisakisss,1
mbachelet,1
CEOE_ES,20
EGardiazabal,14
dordonyez,6
OurenseConcello,1
Aytoburgos,1
a_publica,4
OECDinnovation,2
LauraDeNantes,12
grupo_sifu,8
elpais_retina,1
VincesAffairs,1
SoyValor,2
screuheras,1
ArgentinaUN,10
GetafeCF,1
AccArT21_,1
RSQuito,1
FundConEspEEUU,7
flortokar,5
AnaGuzmanQ,3
ColMedValpo,6
SAI_GobOax,1
CIFOR_bosques,2
CERFOAR,2
ObservadorUY,2
Ps_Digitales,115
SGplaco,2
FESChile,1
PlastigamaEC,2
diariosevilla,3
blancopabloda,1
ECOPETROL_SA,5
CardinalTurkson,1
iesVdC,1
LAInvest,1
jrestrp,1
EnriquePenalosa,43
ISS_ES,8
CENECOOPRL,1
flippedlearn,17
RicardoGarzonT,2
TierraVivaVzla,34
ICRIcolombia,2
EsriCol,9
forokoop,4
GVAcooperacio,15
PoleaAC,4
coralesdepaz,2
bonnyozzy,1
macesqui,1
Carburos,4
ConxemarOficial,3
teachermsisabel,3
nrg4SD,1
Sumarse,4
FUN_INTEGRA,1
smartcityclust,2
CADH_GobOax,29
Byzness_Zeta,2
maria_freiria,22
SumaAlicante,43
ClusterVivienda,1
AntonioMunozSVQ,1
mercociudades,3
MastrangeloA,30
ExeterCircular,1
CruzRojaMurcia,3
crecverde,3
cristinareym,2
PRODUCCION_ARG,3
colinita,68
sandraibadi,2
Excelencia_Comp,8
JuradoConsell,5
romanyosif,2
GlobalFund,3
robledoaybar,2
DoraVivanco,1
MARN_SV,4
mariajosebayo,3
tinamonge,9
dsobrino,3
sanchezcastejon,39
aderconcondado,1
montse_barcelo,4
fonag,1
KattiOsorio,1
LunesdeCiudad,4
jjnucleares,25
Araba_Eus,4
DistefanoLuis,11
YUMKAAX_UACAM,3
SectorMovilidad,31
DACEA_UJAT,2
IAF_Aragon,5
CSA_TUCA,6
UEenParaguay,3
I2ImpactSocial,1
Escuela2CoopV,3
TFeminista_,1
martinidemar,1
NoticiasUno,7
WherisLinks,4
marcelobondoni,1
GB_Coalition,1
jgoyacheucm,1
FarmaSinFronter,4
ORU_esp,2
radiopanama,4
mrubio_UNICEF,1
petrogustavo,13
GoberLaLibertad,1
IBERO_mx,5
FundacionETEA,3
davidm_csp,3
unirioja,1
LolaOrtizSanch2,15
respon_cat,5
puntodepartidap,5
AlbFerracuti,1
UN,51
GPSalmeron,15
JuanAbelG,1
MediaMarkt_es,2
AmaliaGamio,5
SellinUruguay,21
barbararoverssi,5
ColeLosOlivos,2
ISMERCOSUR,10
infouex,2
EKiresepi,7
CamiloOlea,1
asociaciondia,1
recercapau,9
PNUDChile,1
mercosur,7
BASF_ES,2
Cortes_CYL,1
alainjroy,2
filac_,2
MarotoReyes,13
IMT_,1
suezES,32
jcarlosgonz,21
UEenARG,12
ONUDIColombia,6
LuisMaGaMo,1
DataRepublica,1
UNFPAGuatemala,2
patri24cazorla,5
urbam_EAFIT,4
Corparques_,4
Nicolasrey96,7
RafTuts,1
gaby_romero07,1
piedadmartinUN,2
javiergarciamar,1
GarciaAller,2
FundGarrahan,1
crisdagreen,2
ecodes,31
prosalus,1
AngelRola,2
bearuiznavarro,2
argentinaforest,1
ArturoDammArnal,1
FEMEPA_LP,3
fundafidec,2
CientificasEC,1
salido_sanchez,1
puntoverdeblog,2
MujeresLiderAL,3
Lise_Kingo,4
ChildFundEc,6
EconomiaUAndes,6
EdadyVida,4
UNHaiti,1
belamoralesf,8
soziableES,39
ministeriosalud,6
LobbyingSocial,9
consejomcaba,4
OECDdev,1
sdgsnewlands,2
CTATech,6
ImperdibleCotec,6
CNVArgentina,3
susanajodarruiz,1
pvoluntariado,1
Ascolbi,1
CruzRojaGip,2
funalternativas,8
DigitalSchoolCO,2
CaterinaOMH,1
alvaroandradeec,5
paujournaliste,4
Elena_GGarcia,7
AxSolidaridad,7
estrella_gil,3
JOVESOLIDES,24
HosbecValencia,1
arturog1969,1
acsinergia,1
uninunez,1
UNFPA,4
ClimateBonds,20
2019_wsj,1
dante_sica,1
BMO,1
herrerajoan,4
NormasUNE,7
ComillasSolidar,2
aferssocialscat,1
cavilesp,3
ferlade,1
EndulzaTuVida,1
PiaggioEMartin,10
TmirapercevalG,3
Estamos_Listas,1
OEIMEX,1
FondoGalego,5
jgarcia_javier,6
BBVABancaRespon,22
TeideHease,1
chromangordo,1
CulturaenBta,1
vriverareyes,4
BancoCentralRD,2
foroconsultivo,13
utpl,8
LNPP_MX,1
izkia,6
dorissoliz,1
TranspiSS,18
laruecaas,23
OIMCentroAmer,2
ZuccherinPiera,3
SaludPublicaRD,1
TadashiTakaoka,1
MarcaconValores,2
MariaTerolCla,1
AIPCPandora,1
Teresaribera,36
AlmudenaDiez,6
cramoncalvillo,1
DelGobVG,67
Mugaritz,1
AnaliaC45821348,2
CAFOD,1
Contract_Duero,3
premio_avonni,1
Jesus_ConSci,4
TeresitaMadera,3
Cermi_Estatal,7
juanangepoyatos,3
AragonEMPRESA,4
leonardombaez,2
aserrano1001,2
AjuntamentVLC,2
edXOnline,2
GobiernoDeEspan,3
Telefonica,7
NarinoCoopera,4
SilviaERegalado,7
TomaLaPalabraVA,3
renelarenas,1
ideas_es,11
UCCI_SG,9
BelenSanzLuq,5
oinarrisgr,2
TheWorldsLesson,1
DVivas,2
paulojavierlara,7
NoticiasNavarra,3
DettaFdV,6
fundacioabertis,1
AccionImpacto,2
SpainUN,14
Cofares,2
TEDxStockholm,2
CECODES,11
soniaparicio,1
lavozdegalicia,4
arias_pando,9
GabiBritoA,20
R1Paraizoo,3
viceUPOE3,5
TechnovAragon,19
EAFIT,2
AnsemacAND,10
DDuque180,1
CijBaeza,3
Anesvad,2
AMITI_Mex,1
Abogacia_es,34
MSPE_Andalucia,7
ophi_oxford,1
alberto_rsaa,1
YouTube,33
elpaiseducacion,1
MesaParticipac1,3
Geografia_UEX,1
AlfonAlzugaray,6
ramon_pellicer,1
aztecapuebla,1
CiudaddelSaber,1
Aman_Ibarom,1
PBI_EE,2
DEM_Coronel,1
GaitanVillegas,1
ObservatorioCUD,16
fundacionfade,37
aguaresiduales,1
Fund_Diversidad,7
BIDgente,1
Edudesarrollo,33
elcomercio_peru,2
COFIDES,61
GIZEcuador,17
DolorsVallespi,4
claudiojpoggi,1
iberoaccion,16
MuniLaPaz,1
BIEspana,1
IVIGlobalEdu,2
PPAdvocatesPA,1
extransp,4
DurangoRay,1
colsangregorio,1
salaslety,1
worldvisionrd,1
CarolinaMarin,36
aerogalapagos,1
Gabrielgtzg,4
SincroAsesores,4
ang_rodp,3
manupleguezuelo,41
ConsejoCICA,1
CentroRainfer,33
IDRC_CRDI,1
longinosmarin,8
InfoFBYCC,2
AscunAcademica,1
COAATVA,1
FArandaManzano,1
UNWTO,23
deportesmost,1
BridgetGosi,4
medioambUCM,1
Educarm,1
GustavoZuar,7
HECTORS38630673,1
MJusticiaPy,2
arBritish,1
ObsCiudad3R,1
rosasiles,14
CincoDiascom,1
CascosBlancos,8
HowFascinating,2
MathyStanislaus,3
gabrieldeler,28
africancaravan,1
lasillavacia,1
ONUDHmexico,7
Ihobe_Eus,12
mopsv_Bolivia,1
Sonrisasdbombay,5
IntendenciaRM,9
dmeijide,13
Jesus_Tortosa,1
lauracardenas79,3
RespSocialUE,1
UEuropea,1
Kimberl03412828,1
ChileBYD,2
federacioacapps,1
salvadortudela,3
OMTSpain,1
gorka__urtaran,3
Diario_Cambio,1
ITU,1
Cristia95689477,1
soniagaya1,1
zulueta23,9
DipuHU,11
Maria_SolanasC,4
APDasociacion,1
evelynmatthei,6
info_conama,8
grandecano,1
ClimateKICspain,1
Portalfarma,1
gencat,4
raulsan1998,4
TalentWoman,1
isabelplazam,19
fempcomunica,4
giselledellamea,2
ASECH_ag,1
FundacionAMCHAM,1
cossi27,1
GlobalGoalsUN,25
CordobaESP,2
victor_suarez,1
HumanasSO,4
Naturgy,1
empresas_ON,1
CEMEXMx,12
oxfam_es,2
GSMALatam,1
Josep_Jonas,3
chefdelmar,2
joseppuxeu,4
ICOgob,7
E_Log_Canarias,2
casamerica,10
Comillas_TRADI,1
meigandiaz,7
PactoMundial,211
upeceuta,1
IGEP_CorpGov,1
FrigolsAnna,4
Juanjocsmurcia,2
BorealVenture,7
LasTop100,1
CREesSantaCruz,2
caayresCarlos,1
ISMedioambiente,1
escuelassj,1
WomeninETFs,3
nanetegarces,1
Valemogo,1
MarceloHCabrera,25
MikelOleaga,4
FunSialaVida_ES,3
SDGaction,4
HelpUP_es,3
MediosTec21_Vva,27
MaryGomezBenito,3
cloticuellar,5
Birzitek1,2
TransitoBta,2
foroigualdadgen,39
CompromisoRC5,1
CKLcomunica,1
enagas,5
UGTFeminista,2
enentrenamiento,1
OTT_UCSC,2
B4ATools,1
sintesisweb,1
isauralealf,3
ManuelCermeron,1
AlynPB,1
CelinaAlvarez,3
natacarbonell,89
PNUDArgentina,131
educaCNIIE,38
faongant,1
ArrecifesCoral,2
IVIclinics,13
A_MtzR,1
sellofairtrade,60
fundacionTef,1
UNDataForum,2
IDB_Lab,1
alicanteplaza,5
redongdmad,12
LevanteUD,1
unwomeneca,1
FOCOINPADE,1
munivaldivia,1
ippcnews,1
AEXCID_,1
IguanaFix,11
Agenda2030Peru,4
JuanEspadasSVQ,1
sorayarr_,1
agostogabriela,14
FCTCofficial,2
Cecabank_es,4
puntosigre,14
ASHES_TO_LIFE,11
OECD,25
CCyEAAragon,3
CSinBarreras,4
SgSisca,1
pepecouttolenc,1
CosmoCaixa,7
regner_asa,1
RUIDOPhoto,7
adv_victorhugo,1
Muni_Indep,1
FAOAmericas,6
EPAndalucia,1
marianitapio,1
aiesecspain,2
sostenibilidad,1
COCEMFE_,2
FledgeLLC,1
izaguirrejk,3
GRI,1
davidbuenov,2
pjclementem,1
unescoetxea,2
BibliotecaCEPAL,11
MarCano_InEdu,2
NaturalVoyager,1
tableau,4
aelec_es,2
Pau_RUIDOPhoto,1
RadioViajera,3
noemitorollo,10
DirComSodercan,1
_Ortiz_Maria,2
ocdeenespanol,9
Cutchile,10
CCiudadanaEs,25
ANDEUruguay,51
ecoembes,3
MConstituciones,1
AlumniDBA,1
MartaMachoS,7
RayoVallecano,1
AgendaBioBio,2
ddu_10,1
Gob_eus,5
drjafethcabrera,1
MinInterior_AR,6
CooperacioU,6
art_ist_love,12
OPEECanarias,1
TrabEnPositivo,2
portalento_,5
JOHNSCADE,1
RankiaPro,1
ahorapodemos,5
cta_autonoma,1
estancich,12
SoyGuerquito,1
Improvechange,7
ucatolica,4
cepmarbellacoin,1
jovenesyods,7
Edisongonzalezr,2
Coop_lajuanita,6
mariepeloche,1
EmilsedlT84,10
MartRaimundo,3
oidpoidp,6
UOCecoempresa,10
WaldirOchoa,2
checho_orozco,1
Ayto_Sevilla,13
CEVAXIN_PTY,6
MinAmbienteCo,19
GVAeconomia,1
JuventudODS_RD,2
MedComoVamos,9
emilianoarena,1
pacodelatorrep,3
wolox,1
cosmoACCION,15
sicsuper,1
CARE,4
danielegrasso,1
FundacionCepaim,6
tamarafolera1,5
GuevaraMontiel,7
SoguibaONGD,2
JLalvarezcast,10
RedeMuseistica,10
RuthGregori,1
DiariodeNavarra,1
S_RafaelNebrija,2
CuevasRamon,2
CooperacionIB,4
canvasRSC,12
ekomodo_,4
Proarbol_Col,89
AprenderJuntos_,10
ottosonnenh,209
BikeRecyclingMX,8
AOlveira81,1
UmuntuUy,1
IratxeGarper,8
RsCcastellon,5
INAIPIRD,8
abalosmeco,1
Entreculturas,11
PeiComoVamos,1
Casaafrica,6
FuturoLatinoame,6
SmartlyLive,25
StevenPuig,2
ETCMFSANTIAGO,2
WWFColombia,2
LiamFox,2
leroymerlin_es,2
UNODC,7
AB_Laboratorios,1
ParqueArvi,5
PATOOVALLE,3
Tesco,1
CDLeganes,1
aguas_andinas,6
MariaCa611113,2
maristesbdn,1
pedrajasmarta,2
LaPazAlcaldia,1
InterSoftwareCo,6
agarciacelda,2
OctavidelaVarga,1
julian_dangelo,16
IDEACALIDAD,2
Oscardelaguia,1
Alaves,1
iki_bmu,1
pereiraolmedo,8
AfrozShah1,3
WorldBank,1
JesusAliTabasco,11
RocioBravoG,2
datalat,1
accionclima_,1
los_ods,1
Saludes_Ind,1
CapacitaRSE,15
Maritagonzal1,4
RAbellaY,1
CINUBogota,1
COP24,5
UMU,46
pepecampostruji,7
MichMuschett,22
gomezgras,3
AMEXCID,21
KariKeosseian,6
saulpinedahoyos,1
jhusukallio,2
Fundacion_SERES,41
FundownCaribe,12
FLACMA_,3
globalcompact,63
aemprende,5
DGEECpy,16
_cadef,1
carlosjesusd,2
SaveChildrenEus,1
ESegoviaWWF,9
juliuslaetus,24
Hanbunmae,2
foodbanking,1
sifopcarm,1
RiosLibresAnt,7
redcomovamoscol,1
atresmediacom,7
midesuy,12
mplanelles,2
FrancescPedroED,2
PNUDGuatemala,4
helenaguitart,2
ProgresoMF,1
FCaparros,1
Ciudadpanama500,7
JPLaiglesia,13
altepetl_ac,4
AeroCivilCol,1
Muni_provi,8
xantyelias,1
PEalmeria2030,1
RM_Presidencia,21
Dionign83,9
PnudColombia,87
Obs_Sustentable,1
Colecfeminista,1
ONLBG_Spain,4
UNESPA,1
dzubilla,3
TheHALOTrust,1
CentroSocialUMU,5
GuaguasLPA,3
CristianUrreaF,5
Knotion,5
TapitasCancun,1
jesusdiazcampo,3
5diasPY,1
FORAGUA,1
LaBolsaSocial,33
claraarpa,2
Alterconsumismo,5
AkoeEducacio,4
l_engberg,4
epsycampbell,2
manuel_rodb,2
JuanArizaRuiz,3
loladiazgb,11
CDAMAZ,3
secgeneralcba,3
ASurielS,7
PactoMundialMex,5
fonditel,2
jrramirezgomez,1
Feique_Prensa,11
Murciasalud,1
UNODC_MX,25
estadodemex,1
holasolprieto,2
LuisArroyoM,1
IndustriALL_GU,7
GoreLosRios,1
farmamundi,5
CanalULL,7
luchogarzon,42
aromero_INFO,7
AngelesHerasC,2
URJConline,10
ReporteYa,11
RedCalle_AL,2
97mariapaulaps,11
mxbritish,1
JASanahuja,2
CDonapea,2
ComprasRD,4
aguaseguraec,6
ClaudiaDobles,1
CerroNaviaCL,2
apv_valladolid,15
PtoMorelosAyto,2
SFigueroaTec,11
efeminista_efe,17
PactoGlobalEcua,42
StakeholdersRS,1
guillerminasogo,4
777Elpaisa,1
CamacolColombia,1
LuciaIntili,1
ColegioHerma,9
EducacionAN,7
jbgcaro,1
InjuvChile,1
BCNmetropoli,1
MinMujeryEG,8
IsabelStMalo,30
esthersalu,1
CruzRojaProvTfe,7
LATU_uy,7
syltec,1
gggimex,1
xochmejia,9
makinwa7,2
AuciUruguay,29
sbuitrago,1
SSalud_mx,2
manuelborobio,1
ICEX_,2
Minvulosrios,1
CEIGRAM,21
CONADIS_MX,7
CooperacionAND,24
el_pais,20
oibescoop,6
AlminaBasica,4
AbiertaEDU,1
Aebanca,1
UAM_Madrid,14
ClaraOndaMadrid,7
LEBresciani,1
alexnavitia,1
EncarnaRivero,12
EstsanchezUCM,3
infarma_es,4
pablomartin78,1
GretaThunberg,28
ChechuFalcon,1
EPSunizar,6
Conavi_mx,1
AVIMalaga,1
ConEspLima,7
ceresita_blog,2
THopeNavas,1
aimeevegam,2
Social_Skin_,3
IIBCE,7
AsambleaEcuador,1
NInclusivos,1
URosario,3
barcelonactiva,1
RedCuencas,4
womensday,1
ACCIMMYT,8
alianzabosques,1
begona_barbera,1
elEconomistaes,4
clycme,1
acercandonacion,1
CamaraGCanaria,3
UExternado,2
CIDUnal,2
PlanetaCaracol,5
BAFTA,1
ADELANTE_UE_ALC,87
PROGRESANSICA,1
verdesenred,2
victorlunap,1
valeduran,18
SADER_MEX,3
MonicaMacias_MU,3
fcontrerashaye,3
Leohernandez_,1
bjuez,2
FCSHEspol,6
ocds,1
FundacionIEG,1
PeruEnLaONU,2
Agenda2030MX,9
pazfdevera,4
saludsexcultura,1
fEClatam,3
Action4SD,1
ZapataJuanF,2
IFLA_LibraryMap,15
PresidenciaPma,2
RedAsyps,2
latindadd,2
jcrettaz,1
ActivaValdivia,1
ARTPORT_mw,3
martinezvares,1
uchceu,3
Xonxagg,2
UNFCCC,4
Udalsarea2030,4
Cercania_con,5
Ingurumena_Eus,1
PE_Espana,9
itdupm,26
AgustiFdeLosada,3
ONUMujeresCol,1
raciargentina,1
Value_school,2
UNFPAColombia,54
mentamai,1
algonhermen,1
Canal_Educa,2
GLS_Spain,19
DNP_Colombia,55
incatema,6
AlcaldesMexico,8
LolaCasal_,1
El_Oriente,14
FAOEcuador,7
GVA_CEACV,1
VNUMexico,2
cazurro,5
EMCALIoficial,1
exp_empresas,1
gitanos_org,8
GobCDMX,18
pactocolombia,16
TECcampusGDL,7
turinginst,1
kfccolombia,76
GAMSucre,2
rforeroh,1
Closefunding,3
jgarciadv1,11
culturas_cl,1
lucylarrosa2014,2
revistanuso,4
SemVidaMx,1
deportes_unizar,4
Travindy_ES,5
rutgiverin,5
IDERSErse,3
FundlaCaixa,2
e_avante,6
larazon_es,2
Cristia06459288,2
inspmx,1
SosSemana,1
Ops_Paraguay,4
CamaradeMadrid,1
Fundalcobendas,5
laredKLN,3
antoniollorsi,2
monsealo,5
OMS_es,4
UTalca,1
EBVconsulting,1
JosuEtxebarria1,5
RSenlaJusticia,22
CircularProject,29
Pattriciacoss,3
CulturaProvi,2
javerianacali,9
CitizenshipFund,3
DharmaFactory,2
UNVOnline,18
UN_CSW,4
WFP,10
nina_tramullas,1
ferre14rosa,6
ColoresRincon,1
RSExuntagalicia,1
gcba,5
gpalacios,4
AtariSostenible,3
InjuveSV,2
auroravolant,2
CURNHumanidades,1
iesmachado,2
agdagira,5
INIA_UY,1
fespm_es,7
Mides_RRII,1
xizambra,4
RES2masU,1
devmultilateral,1
Mariana11Mon,9
itreynosa,4
BCorpSpain,18
Dry_Martina,1
marthadebayle,1
JoseCrespoja,1
rafaromegarcia,2
Galatea_Labs,4
opsargentina,1
formacionIB,9
libelula999,1
AlcaldiaLaJagua,7
oldgreen_bar,1
MAPFRE,4
HasbunAlex,13
Repsol,14
SEDESOH_GobOax,50
TheWFE,1
UV_EG,7
TagwikiEs,1
CadenaGaitan,4
vaguilerarey,1
ouad_unizar,4
UniversidadMH,14
GobDeLaRioja,3
EAPNes,1
IvetteMurat,1
Heineken,3
CamilaZepedaL,2
jorgeheinel,1
bancoalimadrid,12
garciacastro01,1
ViceRDo,8
MedioSurVe,1
MonaKeijzer,2
rielcano,4
Reds,1
super949,4
GomezMarcos,2
scoutsmsc,4
viktorgs1,2
AIESEC,1
David_s_Alvarez,4
Angelssoriano74,9
invemarcolombia,3
Pmillan1,1
Banxico,1
casamitier,1
enormestudio,2
BagalueSunab,1
2030Feminista,5
julioandrade_ru,9
AFEColombia,1
gobernova,1
ecologistascan,1
ChiquilloBarber,5
ManosUnidasMur,13
FernandoCameras,7
cadegranada,5
COESPOCH,5
AridaneGGlez,3
ArcelorMittalES,1
UdeA,1
NatSalCas,10
lucianoromero_m,1
Circuloecuestre,1
CiudadanosCs,7
acaire_oficial,1
germangranda,34
goteofunding,9
diputacionPalen,1
virdesou,3
EEopinion,2
empleogob,13
capadeso,3
R_Malmierca,4
grupoeventoplus,1
CatalizadorULA,1
TestingChoucair,4
Aribel007,1
MaraJosRamrez13,1
ConversationUS,1
elpais,1
upsalesiana,8
asocana,1
OIT_ES,48
AspergerHuelva,1
LABORALkutxa,1
ViveComplutense,6
G_stordalen,1
CampAbortoLegal,4
SEMARNAT_mx,4
Ibermutua,4
GaliciaSostible,3
PCIUCV,2
DTPMet,2
vox_es,1
EdgarAquino,1
AlcantaraIker,2
iroser_RSE,4
UA_Universidad,8
VialGonzalo,1
culturainquieta,1
milenioheraldo,1
altonivel,5
Sabelitabel,4
MargalidaMaria,1
FundacionCEU,1
UNESCOSantiago,1
zabrak16,10
UNDPabs,2
gobdecordoba,6
omaralpuche,2
Agenda2030Esp,768
intendenciacl,2
raymundomc,4
Yuki_Sama77,1
EABE2019,7
ENSColombia,5
BID_Idear,1
AECID_es,58
GobAbiertoCR,1
caminosmadrid,7
cmartalazo,1
Beatriz_Ovejer,3
jovenesingSCI,1
FAOeagriculture,1
ProyectoSeda,10
SalvoTierra,4
_CaRoL_LF,7
nesiforum,10
juanbello_onu,1
dipuAlicante,27
rscorradi,1
Calqueao,1
vinuales81,11
CEOEAragon,2
redespanola,50
RoqueOrdone,4
UNADenred,18
elindepcom,20
UNICEF,3
soniaruizmas,6
dgomezco,1
rubenperis,1
CancilleriaCol,8
OpenEUDebate,1
unwomen_pak,1
Matarromera,4
TarannaViajes,16
SDG_Academy,1
mapacivics,2
ainhoageaaranoa,2
fernandoibanezf,1
Right2CityGP,3
eidolocal,1
fundacionyuste,13
all_biotech,1
ING,1
CCELima,8
GSMA,6
miguelottin,1
excellencia_ltd,1
infoREEDES,1
Suarez_Camilo06,2
ZulmaCCS,2
SchleicherOECD,2
diariomallorca,11
SE_mx,4
RCDEspanyol,1
KateEHorstead,1
AlejandroPoire,13
IMEDEA_UIB_CSIC,4
AyacxMercedes,1
EdChatEU,3
NuValenzuela,2
FormacionVCF,1
vandenbulckeh,1
FundacionFABRE,5
MauriOB,5
Mailis_Reps,2
Parlatino_org,5
wef_es,2
fproclade,11
ACLVB,3
uclg_org,16
efbcecabank,1
CongopeEcuador,1
UNICEFenEspanol,1
JovenesIU,2
Uniandes,16
alvarojherrero,1
omacias,3
ferrandovitales,7
mabrilsa,8
nacionesunidas6,1
jolitaEU,9
AEPD_es,53
educacionenmlg,1
MedialabPrado,2
IDumaes,1
AntonioRomanJ,9
GobiernodeChile,1
lenetourn,3
OITArgentina,3
rvilasanjuan,1
mayogastro,22
GreenForestWear,1
NatGeo,1
IdeasImprscndbl,8
UNICEFCyL,1
FSanCebrian,4
ComunicacActiva,1
delriojantonio,4
clubexcelencia,2
FeDiazSoto,6
JoseLuissafie,1
yeymimunoz,13
UNOSSC,11
GabyMadera,1
Educo_ONG,4
gemhsm,38
UnicefSV,38
TabareVazquez,1
AnaGascon2016,6
tomasinsua,1
mbellido,11
sepiegob,1
AbeShinzo,8
bmu,1
ChamorroDC,2
gramontani,39
CeroCO2org,5
FAO_Colombia,7
MDuenasOficial,1
MakerSocietySVQ,3
adriana_pedret,1
NOIMAStrategies,4
PROYDE,4
Construye2020EU,1
CCOO,28
lacronica_atq,1
RevistaEkos,8
ybspain,12
daria_yanez,4
veromaryluna,8
CoordiONGD,34
JesusFraileArda,2
AECIDPeru,12
santillanagrupo,2
mariopezzini,1
ICEXSuecia,1
larepublica_co,1
evagonzalezca,19
vg_cea,1
SorayaPostFi,1
Spainsif,5
realmadrid,4
Capitancook,2
pgonzalezmx_,1
RangelJudith,1
LaCiudadVerde,1
eac_ucv,3
A_delPacifico,20
FONTAGROdigital,9
tubacex,1
ciudadS,3
GustavoCarrionB,1
ValbuenaAlonso,2
jvberlanga,1
Secenectes,1
IICAChile,1
ONUDI_conosur,6
KnaufInsulSpain,2
jlcastilloch,4
Bankinter,1
turistec,2
SandraLpezVergs,5
crea_arg,7
UOCuniversitat,1
InclanSuarez,2
unicomplutense,5
medioambienteZ,19
Area7ReinaSofia,33
wef,2
GrupoProdeco,3
EduPonces,1
ManuelChicon,1
LibroIgualdad,1
Fundaescucharte,1
MujeresIgualdad,7
MEMRD,2
UNESCO_es,5
COPLADE_GobOax,44
SOStamedida,8
CRE_Segovia,3
SEEDSandCHIPS,3
FundacionAdsis,5
crisballinas,1
mdepablop,1
GeekGirlsLatam,3
PortalFinDev,1
SUST4IN,14
Alastria_,12
JulianCorredera,2
angelsimon_,1
ierunam,1
DoceMiradas,4
ciberespiral,2
Manuel_Torralbo,7
CONANIRDo,3
CienciasEco,6
Ultrapuebla,1
silviaojeda75,1
Aiqbe30,13
Mau_hdzr,1
CanonEspana,1
Proantioquia1,12
claudiobxl,4
encarnalago,12
BOPEM_edomex,1
Concausa2030,1
CaracolRadio,1
atianaf,4
Red_REJIES,1
ciudadanatamara,10
expohip,9
pucv_cl,1
Eurochile_,3
Forbes_Mexico,1
aaguilararizaga,3
CatedraUNESCOUV,6
alvarogdepablo,2
Elasombrario,8
fitreball,6
amparomtza,2
juancaraguado,1
LimProgramme,2
JosepGinesta,4
yvanrod,1
pochonavaro,7
cenarsecs,14
Segeplan,1
am_bustamante,1
PelayoBezanilla,5
FTelefonicaNI,1
UNESCO,13
Emilia57358431,1
amparo_cornejo,1
salmajalife,2
SurusInversa,1
MincomercioCo,1
MIREXRD,263
Travolution_org,1
PlataformadeONG,1
olgaoror,1
icasadomartinez,3
jlred1978,1
VanesaRguez,6
aballabriga,1
CarlosMadrid_V,11
EPCC_Unex,5
CAONGD,17
eecheverri,1
conquitouio,1
estrellab,1
CatedraTEF_UEx,6
UEenVenezuela,1
qcom_es,1
ConsultoraGemma,12
mariaromeramtez,2
Utadeo_edu_co,2
PlanInt_ES,3
EduSuperiorEc,6
MeyerFalcon,1
fvidasostenible,1
danielafreund,24
Anfraile,16
Jesussadecv,2
CruzRojaGranada,2
Mzavalagc,1
IkaAbundancia11,1
CorpGovUK,1
nmonterolp,3
pssantaella,9
OpenArtspty,6
cfdezmunin,6
OneOakBrand,3
lsoluciones,1
CN_Igualdad,21
BIKOnsulting,2
roy_garza,2
FrenteRenovable,5
Batera2030ORG,30
epiquero,1
uniovi_info,19
iAgua,9
LaSalleCancun,3
CVE_,13
rosaromerocr,9
verne,3
UNDESA,3
MinMinas,8
pedroatticus,18
marthadelgado,33
GPPopular,6
CompromisoRSE,20
rafaelnreis,1
JAVAL1976,1
fragadie,3
CifalMalaga,36
Ayto_Avila,1
jaimecologist,11
CamaraEspanolaP,1
Heineken_ESCorp,8
quiqueglorca,1
jvaldez06,1
OEA_oficial,323
AndresCRspo6,1
Karla_Cadena,1
ImpulsaBalears,6
Xavitorras62,7
GabrielFerrero1,2
PaulaItuino,3
LacP10info,2
SomosLosVerdes,8
LaNauuv,1
FunHoHa1,1
SOCIALogia,1
carmeniglesiasb,3
MMAChile,4
enusa_sa,41
centrosostenibl,5
JerezIB,6
TheEIU,9
ImpactHubMAD,46
msaludpy,2
INSColombia,3
AsocBancosMx,1
Essity_LatAm,26
katun2032,5
GarciaDanielP,3
AndyLaraG,1
Lola_Alberdi,3
fadeclerck,7
angcastineira,4
RNMColombia,1
FundsSociety,1
Vevichi,1
PalomaNucheGal,4
JacoboOrdazM,20
IgualdadAND,1
Corantioquia,1
_Caraballo_,6
sbibliotecario,9
REDES_ONGD,12
albertvilarino,9
diariolaopinion,3
IICAnoticias,1
ValentinaArros,1
BMOGAM_UK,2
camarascomercio,1
ICLEI_advocacy,2
GonzaloFanjul,3
ONUUruguay,1
ROCABIKE2,3
UN_PGA,24
LeroyMerlinCorp,4
soytanchairo1,2
AmambaAc,2
filartigacyn,2
RosaLilianaCas1,2
ju_marquese,1
IFLA_Lib4Dev,11
CONASAV_SV,8
NeedoCom,1
anortejoven,1
ComunicacionEc,198
pepmalagrava,5
Expok,12
Emiliano_OPCmx,2
naiderupdate,1
CrisFaciaben,7
OIenAlicante,1
FeriaAula,4
Agenda_Empresa,20
AliciaAArias,1
garcia_abadillo,5
Dolorsseto,3
bbvaedufin,1
itziarGonzlezVi,1
Cyn_Pliego,5
infoRMurcia,8
GLS,3
ANREHPanama,4
Aran_Acha,6
bbvajubilacion,10
Confianza_SAA,2
ReforestamosMx,1
TIPConsortium,1
MclinicaUMH,2
AyuntamientoVLL,2
finsedu,1
jaume_piera,3
iSostenibilidad,33
LorenaF61852350,2
educaciongob,19
aOrgulloso,4
mauricioccs,1
FRenovables,20
whiteband,2
FundacionAvon,1
cllorcat,5
CenicsPanama,1
dtsiuclm,6
DiadeValladolid,2
SenadoUGenero,1
TaisGadeaLara,3
resincavzla,1
LideresXBogota,3
ForoQyS,4
ajuves_mx,1
XochitlArbesu,1
mitecogob,70
eduardobohorqz,3
BIOS_CO,1
CiesNepyru,1
DCallejaEC,13
JASimarro,2
cemiesol,1
manueljesusF,95
ASIBEAM,2
Maorodriguezgon,520
Wikigender,5
ONUPeru,30
IICA_europa,7
ComisionODSPy,9
ETSCaminosUGR,1
AdelaidaLPolo,1
CIMASINNOVACION,14
adolfoayuso,3
LaHogueraMx,1
Calidad_Pascual,6
TatiPardo2,1
crismozar,6
WFP_es,1
CECyTEHidalgo,29
FormacionUCM,1
inst_humboldt,1
AccionaJobs,1
alternativaver1,1
ensgismau,8
elmundoes,1
Forbes,11
PrensaAreco,1
GefMontana,4
CRcancilleria,1
piedadrestrepor,8
ProSoliRD,14
AleixPonsV,1
VarelaDubra,1
SIPINNAedomex,2
circulodempresa,1
BiblioCazalla,1
IvanDuque,31
SoyMamut,1
CatedraBrialUZ,3
E_NoSinMujeres,1
gisela_ghi,5
Ernst33,1
LaDarsenaEst,1
EstudiantesEPCC,1
AmeliaNavarroA,9
FRAVM,1
anna_larr,3
JorgeFaurie,6
PNSDgob,7
republicagt,3
palaciodmineria,4
ArenaLaurisilva,1
FECYT_Ciencia,1
Pilar_Alegria,5
FELIPEORSA,11
MovSTEM,4
COPADE,1
CuevasAlv,77
MinAgricultura,1
FuturoEnComun,5
MariaRThomsen,1
Manuelita150,1
AsocEyC,12
Malala,11
salesianosrioja,1
UNHABITAT,4
JTorresOviedo,10
UCAM,5
andoniaduriz,1
miguelo19701,1
esformascoop,4
SoriaYa,2
fes_sindical,1
FAOHonduras,2
ivanrivasrdz,1
JaneGoodallInst,1
virgicapil,1
NAtutxa,12
ElenaBou13,1
conTREEbute,1
coacyle,1
LoyolaAnd,7
Malvarcita,1
angelagarzonc,69
nuevatribuna,2
BielasSalvajes,1
CarlosLoret,1
rtve,3
Mineducacion,6
etselquemenges,1
AlojateSai,1
OECD_Centre,1
IndraenMexico,4
CEPYME500,2
CorfoAtacama,1
FundacionLaLiga,1
mariatuitea,6
Plan_RD,1
MiguelWFP,6
BusinessEurope,1
psoevalladolid,3
GomezGalizia,1
CGSLB,3
Hay_Mujeres,6
FEducate,7
AlCaceresMon,2
lacallecsr,5
LitzianPineda,1
dianitalop,1
isaperezdobarro,2
NoticiasONU,2
Asun_Martinez1,6
EconomicasUMU,1
ConsultoraEges,4
Falvarezdecelis,9
Marcelo_MataG,1
UNQoficial,1
ceipvaria,9
JuliesBicycle,3
ucoerm,16
ebropolis,3
solsilvanazb,2
larosanautica,5
RegMurciaBrux,1
CongresoFlacma,8
alejandromurat,15
marialazaro,2
RCD_Reciclaje,1
Greenpeace,1
UNOPS_es,9
CCBiblio,1
COAMSS_OPAMSS,5
MSalesianas,5
CSCAE,5
LaVillegas1,1
ChinitaLC,1
CREenZamora,1
patrimonio_cl,2
click_puntomega,1
impact2030,4
CONGDCA,7
MiguelJ_Mondrag,6
24HorasTVN,2
DelphiNor_,6
FundFactorHuma,3
masfamilia,1
Plan_Ecuador,7
andreszuleta,1
RespSolidarias,9
Uruguay_Natural,6
EuropeDirectMur,2
xarxadeparcs,1
nacex_,9
guscalvear,1
Ethic,1
DerechoUBA,18
ubaglobal,46
bbva,53
tsoldevila,17
Imagen_Puebla,1
IFC_org,1
Elisabeth_WFP,2
MostMedioAmb,1
infopresidencia,5
Upcyclicknet,1
TotyFlores,6
CaroStanley,6
JosiHG,2
Alvaro_PK,1
jmnavalon,7
vascoverde,2
linaZrojas,14
nuriaportillop,7
aggregatte,6
Cerway_,1
jjoselitran,8
TUDCN_rscd,54
alonso_avalos,2
elsoldepuebla1,1
Laiaortiz,1
Superllisti,3
unplastify,4
UBARectorado,2
UNESCOICTs,1
ideicerd,3
alfonsmartinell,15
pactoglobalpy,26
AHERenovable,1
onumujeresEcu,7
TeruelExiste_,2
FAOenEspanol,7
minsaitbyindra,1
MariaEDelaFlor1,1
COALarquitectos,1
TorreJuanaOST,3
UniHuelva,3
GIN_PERU,3
patriziapeiro,3
EspacioFTef,3
CiudadSustentab,1
CancilleriaPma,13
ONUMedioAmb,62
ChileAtiende,1
JenWilliamsEdu,1
viviana_simone,4
fbuyolo,81
labgobcl,2
PedroJ_Cuestas,3
InmBallesteros,6
mamijotera,6
ruthescribano,9
CMNUCC,7
MJMedialdea,1
tonitenazas,1
ArnoldoWiens,2
deazumendi,1
Andesco1,4
FAOParaguay,1
asociacionASA,6
EducaMerida,6
crecyl,1
EqualityTourism,3
utnfrsn,2
etuc_ces,4
congresofuturo,3
UATAEAndalucia,4
rmcoopera,17
juanlayda,1
VanesaSanchezL,12
CruzRojaVLC,4
AHPlayadePalma,1
AmChamSpain,1
complicefm,10
jtintoreocean,2
chsalternativo,2
Avis,1
_angelica_vs,5
guzmanhennessey,3
SanIsidroGob,1
cnh2_es,10
PilarAlmansa1,3
AndaluciaJunta,8
thaismalave,8
cuinipar,1
_anggna_,2
congd_navarra,1
cmicnacional,12
FNAmbiental,14
LaBellver,2
CEDESMX,2
Trtiz,4
Chile_Programa,4
PNUD_Venezuela,29
CAICongresoCdMx,3
gisella_bayona,2
fmprogresistas,1
miquelessomba,1
inverco,1
BIDnoticias,1
Jordi_Garces,9
educaINTEF,11
procladeyanapay,2
Frikigreen,7
BHDLeon,5
angeleslucas,1
andres_pedreno,1
Biblio_Social,17
Joseluiskuta,1
IRSLaRioja,17
unizar,34
llombartpatUE,2
SEDATU_mx,2
Sedcero,1
LaVanguardia,4
AnaM_DiazCebosa,1
juancarcubeiro,2
CChCValdivia,1
Senniaf,1
vialap69,1
TrackingClimate,8
robridolfi,1
COSTprogramme,1
IsabelSalazarJ,1
SantaTeclaSV,3
AlbertoCasado8,3
UAHes,4
ToksMx,1
uvggt,9
Laboratoriorg,5
mfespinosaEC,3
CH_Guadiana,1
RedJCoop,8
nbcpucv,1
Elenafrz,1
TECHOmx,3
curihuinca,1
CRJMadrid,10
mejialaalcaldia,9
DaniPatinoCCOO,13
greenpeace_esp,1
unisevilla,4
caritasintbe,1
CONCADECO_CA,1
DuenasSelma,5
rosalavin_,1
Oxend_uy,1
UN_Women,10
PorOtraPAC,14
ecovidrio,3
gabriela_g3,1
GI_TOC,1
UnCSS,1
abc_conocer,5
CICan_EPE_AP,23
COMILLASTSocial,12
bienestarmx,1
conagua_mx,1
marceespinosa,2
GGGIColombia,9
Sedesoh_IS,6
SernamEGChile,1
deustoforum,1
Telefonica_Col,13
teiknasocial,5
SilviaMorimoto,7
ODSColombia,15
Jarumymendez,1
Eugenia_Aq,25
SReunidos,5
sergiorengifo,10
FundAndreani,1
esteban_is,1
SeLLin,1
anambarreira,2
ODA_ALC,1
ciberyolanda,1
GlobeScan,1
OITMexico,2
PRI_News,2
ArteagaMireya,5
RADIOGITANA,1
ChangeTheCC2019,7
juntacentral,1
AntArgandona,16
isabelcelaa,1
INTECOcr,2
EmmaGasco,1
DaniCalzo,3
CitibanamexCS,1
espol,1
ONGDSED,54
UAM_Economicas,3
MujeresaSeguir,1
NCaminosONGD,1
UNFPA_Ve,2
CanEmbChile,5
UNMSM_,3
adeupv,2
EnergiaEDP,3
iproinapsaUIS,1
uclg,4
ecoredrd,1
Castillatermal,1
CruzRojaCA,8
reds_sdsn,67
UOCuniversidad,6
lauramonteromza,1
Comillas_FacCHS,3
FeIipe_Castro,13
amoralesfresse,2
MaxiVossNegro,1
ColliEvangelina,2
BancoMundial,9
DigitalHora,1
JAL_Ericsson,7
ElAgricultor1ro,1
telecoupm,9
EWECLAC,2
FundacionYepez,1
GobOax,17
bbvaopentalent,2
UTEJusticia,1
filorug,1
CajaIngenieros,12
danielretamal_,1
Endesa,102
incluidods,3
onucolombia,31
UNEnvironment,7
IKEASpain,2
Comfama,2
javiersolana,11
pacoduranona,19
AlcaldiaTlalpan,2
UPV,1
cataortiza,2
CartaD_laTierra,4
DianaOrtegaG,1
dialogosv,16
1A_Ingenieros,2
lanbymy,3
VenetianVamp,1
GAgroamb,1
Amalia224,2
ucscconcepcion,21
ArielGarciaUCR,212
MPCEHa,1
involucraTEC,9
UNGeneva,1
nelsonbenitez98,2
_AnaCarrillo_,2
CristinaAdecco,1
MariTriniGiner,1
PuntoJES,1
ambienteula,2
madrid2day,1
FundacionEndesa,3
ProfeMerida,5
radioyskl,1
EmbEspanaLibano,1
WSAoffice,6
equidadmx,6
Happen_Inn,1
rock_house_py,2
missylolahuetem,1
IEfinanceHRs,1
SandraQuinonezA,2
ProgramaPads,3
linagalvezmunoz,7
_kikocalderon_,4
MaimunahSharif,6
Trabaconjovenes,3
laurapeimar,3
GSostenibleUSB,2
csostenibilidad,17
CIRDCapacita,7
senadis_gob,1
ODSTerritorioEc,62
vodafone_es,1
UAM_UIgualdadG,1
laaleginger,1
nita_macia,17
Camila_jrendon,5
jmmacmartin,6
giuseppegrezzi,1
Paloma99KX,1
ONUBIBUV,1
AECIDElSalvador,5
nahueloddone,26
RioCas,1
MICULTURASV,6
DeMromo,1
UEmadrid,1
auxifcd,4
MinInteriorAR,15
PNUDSV,22
XoanXoann,11
CIVICUSalliance,1
CancilleriaARG,10
delaTorreArt,2
ANUE_ONU,1
unav,1
CINUmexico,44
gotoalberto,1
belupro,2
CAI_CCdMex,1
CCFVerdes,1
PNUDRD,1
DataBeersMLG,21
RSMLAC,2
ernanibaires,3
uniceflac,3
miguel__rosa,1
torrebarrinalh,2
AntonioCode,7
cncuvenezuelau1,7
NsfSin,2
BNPPAM_COM,1
ambientelr,1
eldiarioes,2
PauRausell,4
laradiodetodas,1
INEEmx,18
ccnis,2
Maramluz2,1
iesifach,3
EspanaGlobal,11
R_Menesesh,8
PerezJaramilloA,7
uimunicipalista,1
CIDEU,11
ProntoUy,9
lolagb,2
FAOMesoamerica,20
OECD_local,3
IdTacuarembo,7
inaki_satt,1
ondasazuayas,5
PaulaCaballeroC,1
SapUcm,1
FelipeCamposlh,1
Emprende_UPCT,2
AECIDRD,4
FundaSitio,1
Luis_Perez_G,1
FaunaFloraInt,1
martaigg,7
manuelbut1984,20
MorenaHerrera_,1
FAMDIF,1
PepsiCoMex,1
elenaestavillo,1
MAmbienteRioja,2
MX_2030,4
WWF,1
anavidu,4
santacruz_ayto,1
pnud_uy,12
Anamasanro,6
LAURADEVEGAF,12
CSocialesTec,85
MINSA_Panama,14
Trinomio_es,2
PepE19Q,13
GIAndradeP,19
envirall,4
Wiweck,3
anaisrebollo,1
JuventudCR,1
UNIRuniversidad,3
EzquerraIrene,51
CATIEOficial,2
ORMurcia,1
MatiasOrdeix,1
Unicordoba_Col,27
RadissonMvd,3
pnud,84
EparaCompartir,5
CirculoVerdeEs,1
E_Santiago_Muin,1
MedioAmbAND,1
Fundacion_Anaas,1
senacyt,1
PactoGlobal,11
lpajin,16
PerroMieres,1
ecoembes_com,1
valenciaplaza,1
gabsocialRD,14
AcciCampesina,2
FMusol,4
EU_ScienceHub,1
Sanson__,1
benavides_marta,1
ErasmusJc1,1
PavpsC,7
LifeIntemares,6
CoamarOrg,3
InvestigaUtpl,13
zxventures,1
YerseyOwen,3
Fundaminchile,9
ONU_RD,6
Vicmunro,1
lgomez4,9
ForumOfRegions,2
RosaMariaSuar17,1
BBVA_esp,2
ProcanaCol,1
CGaleriasArte,1
LA_UCEV,4
FNVMondiaal,1
cmfsantiago,2
ITRompe,1
Catedra_GO,10
AECID_Honduras,4
NataliaFerre2,1
SmartCityLATAM,3
JJ_Voluntarios,5
redecon7,2
LuisCastiglioni,2
APCColombia,8
InclusionIntl,1
CristinaNarbona,3
zaragoza_es,22
UBUEstudiantes,3
Javeriana919fm,1
NtraSraVictoria,3
ProFuturo_,4
TheLancet,5
UMaristaMerida,1
Edomex,2
ECGobAbierto,4
valenciapropon3,1
telanto,1
UNAIDS,1
womens_progress,2
eduardorivera01,7
SergioGCasas,3
RockefellerFdn,1
EUECREM_UAM,3
AChMChile,7
davidarahal,1
GAMLP,16
fpfeong,2
GomezAngulo,6
ILUNION,2
pablodeolavide,1
ManelGV,1
japedreno,3
AlfredoCataMadu,7
INJUVE,1
UN_UniteIdeas,1
ElDuendeCallej,1
ObsLaRabida,5
pedro_mendez_d,2
diyulychourio,1
opds_gba,1
RPL_ODS,29
IBM,1
PabloRuizHiebra,5
Santiagodelsola,2
NantikLum,1
sigfridoreyes,1
ValoresyMkt,2
TheGlobalGoals,5
DianaGArranz,4
diegoconesa,3
Joralon75,10
_Com_Valenciana,1
Mimogutierrez,11
vera_dacosta,1
UNED,5
InstOviedo,2
innovactoras,9
CNI_br,1
elpais_america,2
AbelHibert,6
aecid,5
EnriqueUjaldon,1
ClaretLarraona,3
elenabarrios,1
GlobalQuito,4
Prosegur_Es,1
mdelcampovega,1
EmbEspanaRabat,1
Todosula,1
karenabudi,1
LoyolaEcon,4
eriko_florespz,124
ballesteros_jul,3
Geologos_Mundo,4
asurcomovamos,1
espriu_f,9
Espe_Morrison,1
PilarBernado,1
Rare_org,1
quinterlucho,1
pabloalamo,2
catrinsolidario,9
ZarzuelaDC,4
LUCSUS_LU,8
WHO,3
HumbertoCholang,2
Rfonsecach,1
iese_esp,10
fiiS_es,2
susanafinger,3
CiceromComa,7
msanzlubeiro,1
FedeAbizanda,1
Efeagro,3
FOL_IE,3
GaryShapiro,7
Fira_Barcelona,1
ACEMEC_Canarias,3
divulgaUNED,8
jdiazok,1
FELIXAOVEJERO,3
faspaupch,1
eclac_un,1
permaseg,3
CarmenR68709812,1
FerArceAmare,4
ICLEI_SAMS,1
JavierGGG,5
Ballesta_Murcia,1
ascenmoro,1
jcgomvar,11
VyABio,1
UKinMexico,1
VpGabo,6
ucooperacion,2
AulasOds,56
fiiS_Biobio,17
vodaphone_es,1
VisionSusten,1
radialvision,5
cepal,2
OSPSder,1
CromDeveloper,6
carothz,15
Reale_Seguros,4
juancarlosgp_,1
s_villarrealb,1
escacyl,1
Digecoom_RD,1
jawallis,2
BuenosAires2018,1
oppuruguay,14
ilo,2
CinuPanama,28
Chema_Vera,14
vhidalgoe,1
TCCoficial,1
CancilleriaEc,2
ClaodiaLopez,8
valenciacf,2
globernanceIGD,1
PrensaULA,2
fdbarrio,1
unionursula,2
LaEcoaldeaUCM,8
BeeseProject,3
Any_Solution,2
DiegoIsabel1,6
LlorenteyCuenca,1
IFAD,7
AIMexico,1
trampasparker,11
PladesFrutillar,4
UAEM_MX,7
UNOPS,3
SmartCampaign_,1
DividendoSocial,21
CamacolCaldas,1
GariSokolova,3
Hack_ForGood,24
mluengop,5
EDirectBurgos,1
Fycma,12
CIPPEC,1
FValenciaport,1
agimapeople,5
CulturaGestion,2
IPCC_CH,20
HALOAmericaLat,1
monike_nicolas,1
ClubDMallorca,9
FAO,14
fespvalladolid,3
ParticipaLPGC,1
ConAlmaciguera,1
SomosAGROSAVIA,1
tiching,2
DanielSamperO,13
UNStats,1
CIJstacruzzarza,1
Ibercivis,4
CanalOnceTV,1
MiriamRSE,2
carmenpinan,11
alfredodelmazo,120
FSMS_es,3
Mercadona,2
techreview_es,4
Guijarrojl,12
RMANJ,2
PamelaLoisi,1
elisamoralesbcn,2
Selphinia,17
MariaEugeniaGay,29
PaoJMA,3
OECD_PCSD,5
ColegioTSMadrid,8
URGthinktankLAC,1
avanzasostenibl,11
CampanaPablo,1
Fairphone,1
FondoCanCoopera,1
sebastiansichel,3
LaTadeo,2
NestleMX,4
ArnaudPeral,5
LimpiezBrillosa,1
PinionEducation,6
Bogota,3
em_moral,19
garciadeleonj,2
nottopic,3
redecim,1
MIDES_PANAMA,29
ClusterAeice,45
ConcejoSalta,1
navas_victor,1
PNUDEcuador,64
womensworldbnkg,1
MarvinSotelo,1
3d_impact,4
SergioSgordillo,3
AsunPublicosTV,3
eugeniahernan,1
sustain_udc,1
revistapaginav,2
pilarmorgar,4
huellasfundacio,5
UNFPAMexico,1
depo_es,4
maleyepes,1
EnriqueYeves,2
danielmangelim,1
informaria,7
jrns71,1
mcubillossigall,1
Cambio2030_,9
J_Iberoamerica,2
SDHArgentina,8
Agenda2030DPN,3
ccemx,2
ciriecco,1
machinebone,4
KKMPutrajaya,2
laurarzugasti,2
Edu_Ambiental,11
OCDSUJI,1
ja_gonzalezruiz,10
cooperacioUIB,5
mviegas,8
FranciscoYofre,1
Plataforma3sect,32
Ebenspain,3
EGOBUniandes,3
sergiobergman,7
Food4LifeSPAIN,7
unrefresco,4
InfoUMA,1
UNITAR,5
Pocket,1
CanalCiudadBA,3
MartinSantiagoH,12
aedhe,2
CarmenChicharro,1
Reg_aguaEc,1
sustainalogy,3
CrueUniversidad,112
ODS_GT,6
attitudefr_go,5
clara_gj,1
LegislaturaTuc,32
RAISFundacion,4
VisionResponsab,74
xiscoturismo,2
cibermarikiya,20
shepleygreen,1
enssib,1
DERES_RSE,100
franciscopfw,1
thenestspace,1
es_INE,8
Lenin,14
realvalladolid,1
BAR_Rosario,5
carlosizqtorres,78
MAECgob,37
y_kakabadse,4
iidl_es,7
JuneCalsor,3
pimec,1
zalombas,2
CheMendele,2
uconiano,2
antonioguterres,4
eligeeducar,2
AdolfoPAcevedo,2
rnogueira89,4
InnovandoUdeC,1
KoanConsulting,1
jhinfinito,5
BetyManrique,1
bgmps,4
MoveTheWorld,3
cero,3
vicentibus,2
urba_social,1
cousunam,3
DorisGordonN,1
compromisoclima,16
FlorArango4,11
MicrosoftEDU,2
emsur_mdp,1
ArgeliaQueralt,3
Isabelgarro,7
PwC,2
MedioAmbPue,1
ValoraHQ,1
toledoayto,1
aaguilarmart,3
leoperiodista,1
magnet_es,1
MTNeira,2
IdeacionCanal,1
fresno_es,2
AXASegurosEs,1
IMPAJOVEN_Mor,1
GrupoFARO,52
Congreso_Es,10
foeb_pitcnt,2
ICCMEXICO,1
byFoodtopia,3
Ricardo553es,11
Secot_,12
liina_carr,4
juanfervelasco,1
angela_demiguel,3
lunduniversity,3
suez,6
jesusmatsuki,2
Constramet,2
dinn_ucsc,18
ODS_2030_,4
valoresbvq,1
crisap83,1
fehmallorca,16
campusb,3
CDCElSalvador,3
gramelgar,2
diana_royero,17
Fedemunicipios,2
codemagijon,17
RappiColombia,1
nhrf_hrd,1
macfound,1
LaraUbuntu,4
inecc_gob_mx,13
CEV_CV,1
LFLopezCalva,49
BoxCartuja,8
telecuenca,1
DeOjeras,3
TransformaGlob,18
Cooperayconvive,1
Wharton,1
OrigenDePaz,1
MinHacienda,15
SI_PV,2
NicolasMaduro,2
jgoyache,2
uainn_ucsc,2
frigerio_ana,1
Ecojesuit,3
notipositivas,1
NekaneZeberio,3
ANFAB2,1
unicefecuador,8
DrParisCabello,2
alejoeder,1
CNCPS_oficial,83
Afromedios,1
Atleti,4
RevengaIng,6
Adif_es,3
AthleticClub,1
blancagomezint,1
fundaciontds,14
ComunicaRSE,7
edmundogs,1
MariaIranzoBio,1
RSECongreso,6
fundacionMBaez,4
cambioclimastop,12
DadepBogota,2
LBG_Spain,1
DircomNorte,1
emprendeverde,2
CanonEmpresa,2
UKSIF,2
youth4spain,1
ConstruccionFcc,4
VoluntariadoUCM,1
estadodemexteam,1
kdserrano21,4
DonaenBgood,1
grazianodasilva,1
Bocarejo_JP,1
Voluntare,104
Georgetown,1
SR_Disability,1
oriolTIC,6
houmhotels,9
fiblorg,1
PPD_Mexico,1
nydiadelhi,17
dipucordoba,24
EmbEspAlemania,2
UNAUSAPR,4
negynet,2
eltiempocuenca,4
AUDS2030,6
GrupoUrbegi,7
sg_sica,1
jmherranz,5
vaniarizo,1
SRE_mx,13
ferminserrano,16
agdelatorre42,38
claritzaopineda,24
AsocMSMAD,2
Parlasur_Mnes,8
micabonafina,5
aena,3
mjgsm,4
PNUD_Mexico,30
vozporvosOK,1
AnaliaPastran,1
fciencias,4
tuvozalmundo,3
FDescubre,1
_CARITAS,1
Cs_Madrid,1
FadJuventud,6
floridauni,3
MPanamaOEA,1
Agenda2030Chis,3
andresckane,14
opengovpart,1
MireiaCivis,1
MarioCimoli,12
BeverlyVazquez,1
MOPLosRios1,1
Segpres,1
VIAQUA,10
worldvisionEC,3
ies_tomino,1
MIDAPANAMA,3
estadodemexico_,1
EOTLcantabria,2
Javier_Goizueta,5
FirmaAketzali,6
GovernAndorra,3
scoutsdemexico,1
UNDP4Youth,1
DrummondLtdCo,2
elcorteingles,1
lasalleelpilar,3
MADRID,8
TEDTalks,1
josemanugb,1
ONUElSalvador,1
marioredondo,2
col_mexiquense,7
UNECOSOC,1
CAZALAC_UNESCO,1
oievoz,7
rakshancia,1
CCADSICA,1
Digiculturizar,4
hogaresverdes_o,16
carlosmtornero,1
colepatronato,6
_CEIM_,1
MariuzCalvetR,1
OissSec,35
ISCOD_UGT,1
carlos_salle_ib,1
ONGDhmasd,3
OITconosur,1
DPNArgentina,4
INEN_EC,1
ElosuaRojo,1
OECDagriculture,1
Sindical_cl,1
_CJE_,12
FAMSI_Solidario,10
upbcolombia,1
IINOEA,4
JavierLopezDiaz,7
jricardososa,1
LabQuinton,3
giraldoar_ma,1
workforsocial,4
onhoff,2
cjustotds,5
malcarazramos,11
jotalloretv,1
cityfied_eu,4
SEIresearch,5
ECOmovingUY,2
YPFoficial,6
CositalValencia,1
bryan_charry07,1
ingdangond,1
UIAcomunicacion,1
universidadcjc,4
ElkinVelasquezM,2
ondamadrid,7
PNUDLAC,25
cerscv,1
claujanez,5
soledad_murillo,1
XES_cat,1
welever_ES,1
AMETIC_es,8
inbarlac,1
gilbertsaboya,4
jmbolufer,1
PsoeAntequera,12
KursaalDonostia,1
Amref_es,3
JosMaraTorrema1,2
DrDanONeill,3
OR_orianaromano,2
Uninter_Cuerna,8
ahora_ciempo,1
universitatURV,2
Sanearareco,15
ofdetower,11
AETCadiz,1
Guillo54,2
ajsantfeliu,1
populares,7
alemitjans,1
microempresas,1
ZulphySaday,11
PrefecturaEsme,1
AndreuEscriva,9
jorgeextramiana,33
MACriado,1
SustAbility,1
nct_ucsc,2
EBCValladolid,3
FAOArgentina,13
AlbertoRiG,2
pol_lenedicions,1
Juparus,4
Junta_Ex,3
ivanojedapy,7
crearsa,4
nataliacuguero,24
Nestle_es,5
alcampo,2
Haciendagob,1
InfoAquona,13
CONAPO_mx,2
FcoPalavicini,5
ClaudioFloresT,1
BAInternacional,5
GBCEs,4
Commonland,1
PUEDUNAM,5
davlafuente,11
GORE_RM,5
yiyiballe,1
CinfaSalud,1
FundacionJMC,1
presidencia_sv,4
Trucost,1
CiudadEmergente,1
conaf_minagri,1
Voces140,1
BMVMercados,10
marcosantonr,4
gemalroy,2
MGuerrero_31RC,4
europapress,3
ibereducacion,3
FundSJDInvest,20
CensodeSaludPma,10
Albertovicentep,2
MCiudadanauy,2
FIGRIEXTERNADO,2
Monfraguevivo,1
idarcor,1
WWFespana,16
makiacosmetics,2
IIGE_Ec,6
ConsellMca,5
InnovacionUdeA,1
MariloMaldonado,5
aguayo_UM,4
publico_es,14
jblasgarcia,5
agenda2030,3
Data4SDGs,11
vitoriagasteiz,4
ForoDeImpacto,13
IAPEM,2
Carlos_Gut10,7
AliCatalanGome1,2
PortafolioVerde,1
GCF_News,16
SDGsbot,1
RCCelta,1
PalechOrg,1
FJAbandonado,20
BCBAar,3
ILobosAlva,3
paoviteb,2
daniInnerarity,4
fundacioared,3
AMontasOficial,3
gredossandiego,1
IreCarij,3
ClaudiaLopez,70
NavarroLabrin,4
TeachSDGs,15
CREMajadrozas,2
triodoses,15
GMRMexico,4
MujeresSeguros,2
15MClimatico,1
UNDP,3
Rosalieml44,2
Cepsa,1
megadicto77,3
EmprenderUCA,6
Talentoteca,1
2030Comunicando,1
utvco,2
MovistarPlus,1
HOTELTASELOTZIN,2
Planeta_Futuro,59
ElSalvador_cole,4
QUIMACOVA,1
MexOnu,1
albertohrojas,2
opsomsels,1
TransparenteGob,2
SanAmilpas,1
AIAA2,1
EstebanBernalB,3
MineduPeru,2
pieldeatun,1
Emasagra,8
METcommunity,1
carmenpastorse,1
sofiamartinsala,4
IKIngenieria,1
SaludyDSocialAr,17
FundacionAVINA,1
autonomadechile,1
Viesgo_ES,1
ucleuvenlimburg,9
FAOEspana,7
viacelere,1
CEMEXEspana,5
NgCoocique,1
iniachile,1
TheAtomicLab,1
ComSostenible,6
Gaztebox,4
victorpineda,3
SSEinitiative,3
ONUMujeresChile,3
Catedra_RSC,18
JulioIrurueta,3
GlobalLF_Esp,1
GrandesAmigos__,5
Polibienestar,8
javier_benayas,5
carlos__alsina,1
buterashees,1
manuelbonilla94,87
marisolgruiz,5
UN_SPExperts,1
oeiarg,3
FAOSDGs,6
_MarcoGualtieri,3
drotorrent,5
DevCanada,22
gopro2050,1
FiochiH,1
edna_guidi,2
MIC_RD,1
EmbajadaEspArg,1
Ilunionhotels,1
PoliciaBogota,1
MCIbanezH,8
EvaluaALC,13
FundacionBD,3
BCNeducadora,2
fortunata_2030,22
RedElectricaREE,2
mafsul,8
SevillaFC,4
fmorcillo,15
IngenieriaSCI,2
MmestrecMireia,1
MujeresconAM,1
frdelpino,7
EconomiaUAEMex,1
ComjibOficial,4
CreaCulturaRsC,2
CONADISRD,3
ECIE_gobcan,1
margaritacdf,20
IMPLANPuebla,26
genially_es,3
CFJara,3
WeCanBeHeroesPe,1
MagdalenaPreve,2
nodesperdicio,7
Nino_Mundaca,5
lanuevaespana,2
andrea_hurtadoe,1
wbcsd,19
CruzRojaMadrid,21
cbchileag,2
arodrigofalcon,6
3CSCAMBIOS,6
FedericoWals,2
AstiChallenge,5
FAOElSalvador,6
SistemaB,3
NewEconomyForum,5
cibervoluntario,32
ModernizacionAR,1
tatclouthier,1
antena3com,1
UNSIONTV,4
Fintech_Ar,1
embrapa,1
ITSEpma,1
Corfo,3
wikiloc,1
CNMV_MEDIOS,2
meritxelldiaz,7
culturagob,1
bvwebrs,2
MimyValencia,22
SMO_GobOax,4
FundaEsquipulas,2
AytoCordoba,1
paradores,2
mcperdices,1
UPCTnoticias,9
MontaldoSolange,1
etsii_upct,3
AGRISOST_CM,15
CODESPA,7
VirginiaMarco_,7
karting,1
cdevalor,2
CarmonaYebra,1
Irekia,1
MontseMoliner1,8
ICAPET_GobOax,1
ONUMujeresMX,127
CarlosAlvQ,1
raisabanfield,38
AytoMostoles,1
PodemMallorca,1
Ruta_N,1
Legismex,1
SINNPLE_consult,4
Harvard,2
PilarConesa,1
HivosAmLatina,1
QMBManuelMontt,1
ViceInterCUT,11
JaboneroOEI,1
SantoTomas_ST,3
raquelrabanal,8
EstelaGuRo,1
PalacioMineria,5
Aurora_Ribot,5
uasbecuador,1
ORI_UCO,1
IcomosPanama,1
opsoms,6
PRISMAB_SEN,3
MIVIOT,1
SomosSANNAS,1
participate,1
UN_HRC,2
WOFESTHUELVA,3
azd21,1
ESF_esp,1
romeroabreu,1
Pedro__Moga,4
EricDuarteGamb,3
laugilpe,2
EmbEspFrancia,1
cetysuni,3
FedericoBoteroj,4
AsambleaVE,1
wearewater,11
REactiveConsult,1
MTTLosRios,1
Arturolarena,12
KybernusQrooNte,1
jaumecollboni,12
blancagarcesmas,1
GonzaQuilodran,2
CRJ_CAM,11
el_BID,8
ERGO_Network,2
GRI_Secretariat,7
NewsNeus,1
RafaelFreyre,1
naranjamed7,1
CEPES2,59
RogelioGzaUANL,2
FronteraEnergy,5
HEstadodeMex,1
camaratenerife,1
escolastiri,3
Ainacalvo,1
RMauricioValdes,1
CA2M_Madrid,1
PNUDPanama,48
elirabelo,4
OIMColombia,2
INNOLID,1
CEUCYL,3
Felipecatr,1
InjuveSpain,40
EATforum,7
INJUVRM,1
SenadoGovCo,12
Conicet,1
isabelsg89,2
OngInteRed,7
GRADEPeru,6
AnaSainzMartin,6
JNJNews,1
SIGTUR,1
REDestatalAPS,5
GobDeCoahuila,1
INAFED_Mx,19
InnpulsaCol,1
Aktibatu_GAP,5
CabildoTenerife,1
ASEnergia,1
RedIntsolidaria,3
i_emprendedores,1
ShareCollab,5
UNESCOgt,2
CoopAmericas,14
unesco_iesalc,3
FAquae,4
ManpowerGroupES,2
CmicOaxaca,12
ONUecuador,24
Calvo_es,3
IndraCompany,1
aqualia,8
mazzato,2
xavierbarrerav,4
giz_gmbh,48
OITAmericas,5
solucionesong,4
expansioncom,40
esiuclm,16
UnaiSordo,2
CalaFoundation,2
CruzRojaMostole,1
intaargentina,2
wimchile,2
monibrivera,12
dgannio,1
jbeirak,1
schallierw,4
EmiliaSPB,4
INETetp,1
MIDEPLAN_CR,1
JMarcialRodri,5
czaldumbide,11
unicef_es,13
lamepitagr,5
ESADEAlumni,2
iriniw,2
martamuelas,8
DeustoResearch,1
Andonyhdzmx,2
VolyEstrategia,64
FaPUR16_20,6
gesiuris,2
peixco,1
Cucaxx,5
acreditra,5
RocioVergaraCh,2
AsocDIRSE,11
aqua_vall,50
MaritoAbdo,7
JaneGoodallCAN,1
IFLA,27
DavidGroisman,8
lopezobrador_,2
plemonche,5
AdviceRRHH,1
EdwinECabreraU,4
agromeat,1
CRECarinena,4
EquoArganda,11
jcarrascosierra,1
UNODCColombia,5
sanjosegobierno,3
Felipe_Castro,1
sas_usal,3
FAOWHOCodex,1
hclementegimeno,1
EstadoIgualdad,1
UIPBA,1
dianova_es,1
mcarmen_malaga,6
KayaEnergy,7
CaminosDivulga,3
TequilaSmart,1
RoberthGrande,2
MiguelUribeT,27
FCTAlgeciras,1
etsinfupv,9
76_amolina,1
BuenaVidaEP,3
PriTeseira,91
Isabelssouza,2
coambaoficial,1
RicardoDuenasEC,13
Adolfo_RSaa,1
silviasalgadoan,1
SDGLab,1
gynaji,3
ProBogotaRegion,1
AranoJoseba,2
Crleganes,1
HelpAgeLA,3
BIDInvest,1
Lecarosfrancis,2
Adolfo_Borrero,1
EstherMVZ,1
agusgonzalezc,2
ONU_es,510
andygarciape,6
UNICEFRD,54
oficinaverde,8
OxfamIntermon,11
SDHuesca,1
MisionGinebra,1
jbgoikoetxea,1
JoaquinCollao,1
kaanbalorg,1
SEAE_Agroecolog,1
ProyectosAmbing,5
elpais_fem,2
DisruptivoTV,1
UNSDSN,33
saldelsol,29
Jorge_barrero_f,1
IDPCes,1
AdolfiFo,5
UN_Water,3
MinTransporteCo,1
INEGIMEXICO,1
inadi,1
cuenca,1
BureauVeritasEs,1
LetsDoItSV,4
UGT_INT,3
NadiaCalvino,73
TFsostenible,1
Frentea_Frente,4
FUNDADEPS,1
adrianafergar1,2
CatedraTEF_UCLM,10
CeibaOficial,2
casanuevopueblo,2
Yerburu,2
flowminder,1
WomenBcn,16
EventosconAlma,2
GenderCC,3
mopcparaguay,3
MediapostSpain,2
CCEDSCorrientes,1
gatesfoundation,1
CNE_RD,2
ComisionOds,1
Mexchem,2
EspejaConsell,5
UmuODSesiones,108
PNUDBolivia,16
OficinaVerdeUZ,27
fundaxionchile,2
Claudiashein,9
rubendmarquez,10
DIES_cat,1
La_UPM,95
lucio_fl,13
DIRECTVUy,1
sanchezceren,22
SEMOVI_GobOax,1
onuvenezuela,4
FundAlimerka,3
MYWorldMexico,22
eubchub,1
ItauUruguay,1
UNICEFGalicia,2
MiguelVargasM,133
ashuster41,3
JuanCDGaitan,13
elcolombiano,1
FernandoVallada,4
IECarballo,17
colstafrancisca,7
CONANP_mx,1
OESGuatemala,6
mreparaguay,19
AlemanyCecilia,4
Atayeshe,3
FVICENTEFERRER,1
IA_Mujer,1
HernanGomezB,1
grupo_mia,1
fstraface,6
CONED_SV,7
marcosgonzalezm,58
ICLEI,2
FCBarcelona_es,4
namilolo,4
sic4change,4
AGAVIRIA,2
CamilleUnal,2
ESADEgeo,7
AseoPereira,1
emilianogiri,11
clipmetrajes,1
Pilu_m_m,1
RiuHoteles,15
Gentilebruno,3
palomapu,6
JSordo,1
ConsEspCDMX,2
EUClimateAction,1
JuventudXClima,6
AguaEc,3
Paoflouj,1
Srpacotomas,1
MasMadridCM,1
PSOE,240
mempoderadascnb,1
AndreaniOk,7
pedro_moga,2
UIBuniversitat,5
RevistaRETEMA,7
FondoChile,5
DavidMeAnQubo,1
fes_tse,6
keidanren,1
UEenColombia,2
sfuetterer,2
enerpygreentech,1
Biblio_OIJ_Gama,1
MarieKondo,3
ceccadiz,2
LucilaFinkel,1
Heineken_ES,1
Felisa_Palacio,5
CesrNunez,2
CruzRojaNavarra,1
EFEnoticias,13
JohnEmprende,3
IECA_Andalucia,2
AtomikHeartMom,3
ONCE_oficial,4
Javilluercas,2
Data2X,1
GironaFC,1
MinMineria_cl,2
diUCM,1
BayerConoSur,1
DGS_UNLP,1
OPSOMSMexico,1
UECoE3,7
GedesChile,1
circulareconomy,1
Joanrasan,4
ParaguayTVHD,9
SDGoals,1
centrolorca,10
infoCEPEI,26
CruzRojaCorrHen,1
FicoGutierrez,2
GabrielaE_Ce,1
SCSostenible,1
aegpc,2
LANACION,5
miriadax,1
CESA_edu,2
SVoice2030,7
ar_cba,1
FabianaMora09,3
ProvidenciaTV,2
InfoMostoles,1
JAP_DF,12
anaherreroher,3
MashiRafael,1
CONGDRMurcia,8
RED,1
pcongressosp,2
IesOrotava,1
LideraCambio,3
creasimpacto,1
bifzag,2
CarlosMataix1,19
COOPESANTOSRL,1
cristina_REPM,5
ilrodrig,9
MAS_Business,13
dianitanecia,2
UNICEFargentina,4
splendid1040,11
mcostach,1
MaruUrbano,2
PresidenciaPy,7
Spain_India,1
CSIC,3
FeliciaKnaul,3
esFIAB,54
UAM_Solidaria,12
LuisPlanas,8
carlosandradas,14
aragontv,1
cruzvermella,7
marta_tomash,6
_LuisDeltell,2
immaperez,10
pilarrquiros,1
vmva1950,2
RealSociedad,1
Ana_gduque,3
IICPSD,1
LFerreirim,1
InstagramES,1
lizconcha,12
ProvidenciaAca,1
santimalvicino,16
cantabriacoope1,2
UruguayMercosur,1
AEMET_Esp,4
ieeespain,1
JosepBorrellF,1
enlavicaria,1
ASPY_IES,2
elenapisonero,3
SNBPLosRios,1
CundoCaso,1
MRGdeviaje,3
EducatingCities,1
pikaramagazine,1
UNAM_MX,228
ISGLOBALorg,22
diarioresponsab,13
horaplanetacr,1
carolamora75,7
fmujeres,4
aequalesla,1
nati_aquilino,2
VidaSana_AVS,13
FacultadUes,5
UNVolunteers,8
Implicita59,2
hrobinsonunpan,10
Viglya,4
Instituto_IPS,4
PPAsamblea,8
MeDicenWally,8
Ec_Sostenible,6
anes_oficial,1
CitiesAlliance,2
redamazonia,1
boinablancaucr,3
ybjoel,2
RedAgenda2030MX,5
3vectores,3
MCMC_es,1
MiriamLeiros,5
Servimedia,18
gobernacion_sv,1
robermape,9
DWS_Group,1
WFP_Bolivia,4
USAID,1
itrsgroup,1
TressisSV,6
Evelyn_Rojas_,17
Sociolidarios,1
Coro_Ruiz_S,1
HarvardHBS,1
AnotherWayFF,1
davidballadare1,1
EUROCLIMA_UE_AL,2
ELG_unav,2
segib,3
aliciabarcena,2
ca_revolta,1
eliadosom,2
Anxoqueiruga,2
bredruel,9
manuelansede,7
OECDEduSkills,2
Educacion_Ec,1
europeaid,3
AcleMarcos,5
CruzRojaEsp,22
OihanaB,5
ppdsec,1
antonigr,2
Moran_Fernandez,2
MisionAmericaES,2
KarlaEnAccion,2
UB_SmartSCity,8
discapacidadcom,6
CentroOds,615
Monecanariona,6
Ideasenpositiv1,5
AminaJMohammed,11
ConsolacionOnda,11
mofloresb,5
ClimambienteUGT,2
materia_ciencia,3
Simonru17139114,1
aguasdelorca,1
reverdeconcausa,26
UNYouthEnvoy,1
ESADE,10
ccu_federacion,2
SDGActors,3
La_network,23
Vice_Ec,12
UNDP_ART,19
institucionsek,1
PRMESecretariat,2
CARTIFCT,4
COESPOSLP1,2
SlowFashionNext,7
cardona_blanca,1
CanalUGR,1
usal,11
Indeleblesocial,5
MorganAbogados,3
ODServatorio,1
SNSRDO,3
elpais_blogs,3
SinTrabinfantil,25
usantiagodecali,1
WWF_LAC,1
MarinaGarces,1
SETEPLAN_SV,4
CarolAlvarezmb,1
ituc,6
PresidenciaMX__,1
Cocemfe_Aragon,1
Proexport_Spain,2
MLopezGon,1
AALMAC_Mx,1
ingeniomayaguez,1
UCOMILLAS,25
earthcharter,1
tonyvives,16
WaittFdn,1
FCermiMujeres,5
PwC_Spain,11
luisapb04,17
pflis,7
Cooper2030ods,8
PremioNavarra,8
Frank_herrera13,4
Comunidad_ICREA,2
onuhabitat,15
UOCciudad,3
sajidb47,2
ComunidadMadrid,79
aidabooks,2
beatrizbecerrab,1
CITAAragon,3
CES,6
camagogo,1
SwedeninCOL,5
mareaverdebcn,4
OpenValueFound,2
BREDGDL,1
Techo,10
prog17retos,11
Reforma,2
uclm_es,10
asambleamadrid,2
APT_mx,1
etsiaab,10
relathia,1
Laurarevolta,5
elcorreogallego,1
barriolapinada,5
CrearFuturos,5
FundacioGrifols,2
AgenciaSust,5
Atlantic_Copper,11
GoGreenC3,5
Chris_GiordanoQ,1
sernecesario,2
hans_ebeni,1
aina_calvo,5
regiondemurcia,1
ferrovial_es,8
rom_krmn,3
desdelamoncloa,136
ISDEMU,1
julialsina,1
MallorcaUep,2
saemthales,7
SDGs_2030,1
carlosfgalan,69
CatalinaAlemany,4
RevistaSemana,1
YaraIberian,1
OmidyarNetwork,1
mmm_fi,2
javiermoleroseg,1
Macuarmisen,1
paula_valver,4
ChileVoluntario,1
isabelpla,1
Ssalud,2
charoarev,1
DiegoLGarrido,2
Pescaenverde,3
MRREE_Uruguay,1
villarealfc_sjc,4
ecokuppa,4
AlcaldiadeMed,12
UCLG_Saiz,2
Marcos_GomezM,1
iesfrayluis,2
mcypCorrientes,1
Agenda2030Oax,51
jc1ka101,1
mariana_irisity,1
UFPSCUCUTA,1
AdC_Circular,1
mostolescultura,1
InstCervantes,33
DiputacionCC,19
CPRRegionMurcia,3
Corresponsables,626
vlopezsaavedra,7
RGrynspan,60
Aecid_Guatemala,1
LatinRedesWASH,2
Nordea,1
DACHE2012,2
olgag,2
VZapata65,1
CienciaGob,10
SERJUCO,2
GrupoUbesol,1
MichaelHeadUK,3
biologiaum,7
MTTChile,2
lamelga,2
SEGOB_sv,5
_ALIDE_,1
CIECODE,3
AlibeHamacher,1
abacocolombia,4
_RMarin,3
TelevisaPuebla,1
WomenCompliance,1
agaviriau,133
deustoDBS,8
OIJ_DIGITAL,11
HumanaSpain,3
laheroicaviajes,1
GiselaHANSEN6,2
CEDDET,2
cepal_onu,78
ACOFESAL1,3
fm88radioactiva,1
EmbEspPortugal,1
Bibliotecas_IC,17
Colegiocaminos,1
ParapliCampo,3
FrecuPolitica,7
mktambiental,3
Rebepl,1
eldiarioInt,2
glugo73,1
alarisgo,1
elpais_espana,5
JorgeRescala,33
victoriacabrera,1
Pontevedrate,1
esbs_sport,2
Con_Creci,4
Mitradel,19
CidobBarcelona,1
AECOC_ES,5
herminiatorres,1
ejecutivospy,1
Martamuciano,1
REDUCC_UNAM,1
PueblaAyto,1
IUVRM,9
mens_os,3
laverdad_es,1
FUEONLINE,1
Mineduc,2
TecdeMonterrey,233
Mporlasalud,10
SINFRA_GobOax,9
Eco_Event,4
fabianhevi,10
Industria_CCOO,5
NodoChile,1
Sebasti88868674,1
CGBSenado,8
rcnradio,5
dragoneslvpies,4
cristinagallach,195
EY_Spain,1
blueskyschools,1
aandreup,1
INEGI_INFORMA,7
fwchj,1
Areametropol,5
gobjccm,6
Alianza8221,8
SoyQubo,2
AlcanceUY,5
MafeCaicedoR,4
RRHHDigital,1
EduardoRapetti,2
GaiaPacha,3
Ambientebogota,3
marudipaola,2
ScientiaJMLN,13
GalaSoler16,1
FundacionPn,1
SatlinkSL,2
CatyCVilluendas,4
Natsilva_b,1
generacciona,1
mercurioec,4
ParlAmericas,4
