mention,count
Agenda2030Esp,768
Corresponsables,626
CentroOds,615
Maorodriguezgon,520
ONU_es,510
OEA_oficial,323
Almagro_OEA2015,298
ONUMX,289
MIREXRD,263
ONUMujeres,248
PSOE,240
TecdeMonterrey,233
UNAM_MX,228
ArielGarciaUCR,212
PactoMundial,211
ottosonnenh,209
ComunicacionEc,198
cristinagallach,195
desdelamoncloa,136
MiguelVargasM,133
agaviriau,133
PNUDArgentina,131
ONUMujeresMX,127
eriko_florespz,124
alfredodelmazo,120
Ps_Digitales,115
CrueUniversidad,112
UmuODSesiones,108
Voluntare,104
Endesa,102
DERES_RSE,100
